id,name,model_id:id,group_id:id,perm_read,perm_write,perm_create,perm_unlink
access_refound_organization_api,refound.organization API,model_refound_organization,refound_marketplace.group_refound_api,1,1,1,0
access_refound_resource_api,refound.resource API,model_refound_resource,refound_marketplace.group_refound_api,1,1,1,0
access_refound_need_api,refound.need API,model_refound_need,refound_marketplace.group_refound_api,1,1,1,0
access_refound_order_api,refound.order API,model_refound_order,refound_marketplace.group_refound_api,1,1,1,0
access_refound_order_message_api,refound.order.message API,model_refound_order_message,refound_marketplace.group_refound_api,1,1,1,0
access_refound_organization_document_api,refound.organization.document API,model_refound_organization_document,refound_marketplace.group_refound_api,1,1,1,0
access_refound_organization_admin,refound.organization admin,model_refound_organization,refound_marketplace.group_refound_admin,1,1,1,0
access_refound_resource_admin,refound.resource admin,model_refound_resource,refound_marketplace.group_refound_admin,1,1,1,0
access_refound_need_admin,refound.need admin,model_refound_need,refound_marketplace.group_refound_admin,1,1,1,0
access_refound_order_admin,refound.order admin,model_refound_order,refound_marketplace.group_refound_admin,1,1,1,0
access_refound_order_message_admin,refound.order.message admin,model_refound_order_message,refound_marketplace.group_refound_admin,1,1,1,0
access_refound_organization_document_admin,refound.organization.document admin,model_refound_organization_document,refound_marketplace.group_refound_admin,1,1,1,0
